Mean_RR,STD_RR,Max_RR,Min_RR,Mean_Heart_Rate
0.8005838876570583,0.07102559098989596,1.5944444444444446,0.6,75.37150928358177
